Domain Code,Domain,Area Code (FAO),Area,Element Code,Element,Item Code (CPC),Item,Year Code,Year,Unit,Value,Flag,Flag Description,Note
QCL,Crops and livestock products,100,India,5412,Yield,1341,Apples,2010,2010,kg/ha,6282.1,A,Official figure,
QCL,Crops and livestock products,100,India,5412,Yield,1341,Apples,2011,2011,kg/ha,10000,A,Official figure,
QCL,Crops and livestock products,100,India,5412,Yield,1341,Apples,2012,2012,kg/ha,6845,A,Official figure,
QCL,Crops and livestock products,100,India,5412,Yield,1341,Apples,2013,2013,kg/ha,6137.8,A,Official figure,
QCL,Crops and livestock products,100,India,5412,Yield,1341,Apples,2014,2014,kg/ha,7978.8,A,Official figure,
QCL,Crops and livestock products,100,India,5412,Yield,1341,Apples,2015,2015,kg/ha,6689.7,A,Official figure,
QCL,Crops and livestock products,100,India,5412,Yield,1341,Apples,2016,2016,kg/ha,9101.1,A,Official figure,
QCL,Crops and livestock products,100,India,5412,Yield,1341,Apples,2017,2017,kg/ha,7426.2,A,Official figure,
QCL,Crops and livestock products,100,India,5412,Yield,1341,Apples,2018,2018,kg/ha,7730.9,A,Official figure,
QCL,Crops and livestock products,100,India,5412,Yield,1341,Apples,2019,2019,kg/ha,7519.5,A,Official figure,
QCL,Crops and livestock products,100,India,5412,Yield,1341,Apples,2020,2020,kg/ha,9077.4,A,Official figure,
QCL,Crops and livestock products,100,India,5412,Yield,1341,Apples,2021,2021,kg/ha,7271.6,A,Official figure,
QCL,Crops and livestock products,100,India,5412,Yield,1341,Apples,2022,2022,kg/ha,8219,A,Official figure,
QCL,Crops and livestock products,100,India,5412,Yield,1341,Apples,2023,2023,kg/ha,9460.5,A,Official figure,
QCL,Crops and livestock products,100,India,5412,Yield,1341,Apples,2024,2024,kg/ha,8634.1,A,Official figure,
QCL,Crops and livestock products,100,India,5412,Yield,1312,Bananas,2010,2010,kg/ha,35879.5,A,Official figure,
QCL,Crops and livestock products,100,India,5412,Yield,1312,Bananas,2011,2011,kg/ha,35725.2,A,Official figure,
QCL,Crops and livestock products,100,India,5412,Yield,1312,Bananas,2012,2012,kg/ha,34161.1,A,Official figure,
QCL,Crops and livestock products,100,India,5412,Yield,1312,Bananas,2013,2013,kg/ha,34642,A,Official figure,
QCL,Crops and livestock products,100,India,5412,Yield,1312,Bananas,2014,2014,kg/ha,37036.7,A,Official figure,
QCL,Crops and livestock products,100,India,5412,Yield,1312,Bananas,2015,2015,kg/ha,35548.7,A,Official figure,
QCL,Crops and livestock products,100,India,5412,Yield,1312,Bananas,2016,2016,kg/ha,34643.3,A,Official figure,
QCL,Crops and livestock products,100,India,5412,Yield,1312,Bananas,2017,2017,kg/ha,35438.4,A,Official figure,
QCL,Crops and livestock products,100,India,5412,Yield,1312,Bananas,2018,2018,kg/ha,34850.7,A,Official figure,
QCL,Crops and livestock products,100,India,5412,Yield,1312,Bananas,2019,2019,kg/ha,35173.2,A,Official figure,
QCL,Crops and livestock products,100,India,5412,Yield,1312,Bananas,2020,2020,kg/ha,36340,A,Official figure,
QCL,Crops and livestock products,100,India,5412,Yield,1312,Bananas,2021,2021,kg/ha,35781.4,A,Official figure,
QCL,Crops and livestock products,100,India,5412,Yield,1312,Bananas,2022,2022,kg/ha,35854.6,A,Official figure,
QCL,Crops and livestock products,100,India,5412,Yield,1312,Bananas,2023,2023,kg/ha,36835,A,Official figure,
QCL,Crops and livestock products,100,India,5412,Yield,1312,Bananas,2024,2024,kg/ha,39658,A,Official figure,
QCL,Crops and livestock products,100,India,5412,Yield,1251,Carrots and turnips,2010,2010,kg/ha,16746.8,E,Estimated value,
QCL,Crops and livestock products,100,India,5412,Yield,1251,Carrots and turnips,2011,2011,kg/ha,17017.9,A,Official figure,
QCL,Crops and livestock products,100,India,5412,Yield,1251,Carrots and turnips,2012,2012,kg/ha,18596.8,A,Official figure,
QCL,Crops and livestock products,100,India,5412,Yield,1251,Carrots and turnips,2013,2013,kg/ha,17890.6,A,Official figure,
QCL,Crops and livestock products,100,India,5412,Yield,1251,Carrots and turnips,2014,2014,kg/ha,17322.6,A,Official figure,
QCL,Crops and livestock products,100,India,5412,Yield,1251,Carrots and turnips,2015,2015,kg/ha,15125,A,Official figure,
QCL,Crops and livestock products,100,India,5412,Yield,1251,Carrots and turnips,2016,2016,kg/ha,16262.7,A,Official figure,
QCL,Crops and livestock products,100,India,5412,Yield,1251,Carrots and turnips,2017,2017,kg/ha,15650.8,A,Official figure,
QCL,Crops and livestock products,100,India,5412,Yield,1251,Carrots and turnips,2018,2018,kg/ha,17078.9,A,Official figure,
QCL,Crops and livestock products,100,India,5412,Yield,1251,Carrots and turnips,2019,2019,kg/ha,17297.8,A,Official figure,
QCL,Crops and livestock products,100,India,5412,Yield,1251,Carrots and turnips,2020,2020,kg/ha,17414.3,A,Official figure,
QCL,Crops and livestock products,100,India,5412,Yield,1251,Carrots and turnips,2021,2021,kg/ha,17386.4,A,Official figure,
QCL,Crops and livestock products,100,India,5412,Yield,1251,Carrots and turnips,2022,2022,kg/ha,17101.6,A,Official figure,
QCL,Crops and livestock products,100,India,5412,Yield,1251,Carrots and turnips,2023,2023,kg/ha,19557.6,A,Official figure,
QCL,Crops and livestock products,100,India,5412,Yield,1251,Carrots and turnips,2024,2024,kg/ha,22208.9,A,Official figure,
QCL,Crops and livestock products,100,India,5412,Yield,1703,"Chick peas, dry",2010,2010,kg/ha,915.5,A,Official figure,
QCL,Crops and livestock products,100,India,5412,Yield,1703,"Chick peas, dry",2011,2011,kg/ha,894.5,A,Official figure,
QCL,Crops and livestock products,100,India,5412,Yield,1703,"Chick peas, dry",2012,2012,kg/ha,925.5,A,Official figure,
QCL,Crops and livestock products,100,India,5412,Yield,1703,"Chick peas, dry",2013,2013,kg/ha,1036.4,A,Official figure,
QCL,Crops and livestock products,100,India,5412,Yield,1703,"Chick peas, dry",2014,2014,kg/ha,960,A,Official figure,
QCL,Crops and livestock products,100,India,5412,Yield,1703,"Chick peas, dry",2015,2015,kg/ha,888.6,A,Official figure,
QCL,Crops and livestock products,100,India,5412,Yield,1703,"Chick peas, dry",2016,2016,kg/ha,840.3,A,Official figure,
QCL,Crops and livestock products,100,India,5412,Yield,1703,"Chick peas, dry",2017,2017,kg/ha,974.2,A,Official figure,
QCL,Crops and livestock products,100,India,5412,Yield,1703,"Chick peas, dry",2018,2018,kg/ha,1077.5,A,Official figure,
QCL,Crops and livestock products,100,India,5412,Yield,1703,"Chick peas, dry",2019,2019,kg/ha,1041,A,Official figure,
QCL,Crops and livestock products,100,India,5412,Yield,1703,"Chick peas, dry",2020,2020,kg/ha,1142.3,A,Official figure,
QCL,Crops and livestock products,100,India,5412,Yield,1703,"Chick peas, dry",2021,2021,kg/ha,1191.6,A,Official figure,
QCL,Crops and livestock products,100,India,5412,Yield,1703,"Chick peas, dry",2022,2022,kg/ha,1261,A,Official figure,
QCL,Crops and livestock products,100,India,5412,Yield,1703,"Chick peas, dry",2023,2023,kg/ha,1171.6,A,Official figure,
QCL,Crops and livestock products,100,India,5412,Yield,1703,"Chick peas, dry",2024,2024,kg/ha,1151.4,A,Official figure,
QCL,Crops and livestock products,100,India,5412,Yield,1652,"Chillies and peppers, dry (Capsicum spp., Pimenta spp.), raw",2010,2010,kg/ha,1544.5,A,Official figure,
QCL,Crops and livestock products,100,India,5412,Yield,1652,"Chillies and peppers, dry (Capsicum spp., Pimenta spp.), raw",2011,2011,kg/ha,1585.9,A,Official figure,
QCL,Crops and livestock products,100,India,5412,Yield,1652,"Chillies and peppers, dry (Capsicum spp., Pimenta spp.), raw",2012,2012,kg/ha,1643.2,A,Official figure,
QCL,Crops and livestock products,100,India,5412,Yield,1652,"Chillies and peppers, dry (Capsicum spp., Pimenta spp.), raw",2013,2013,kg/ha,1925.2,A,Official figure,
QCL,Crops and livestock products,100,India,5412,Yield,1652,"Chillies and peppers, dry (Capsicum spp., Pimenta spp.), raw",2014,2014,kg/ha,1925.2,A,Official figure,
QCL,Crops and livestock products,100,India,5412,Yield,1652,"Chillies and peppers, dry (Capsicum spp., Pimenta spp.), raw",2015,2015,kg/ha,2109.1,A,Official figure,
QCL,Crops and livestock products,100,India,5412,Yield,1652,"Chillies and peppers, dry (Capsicum spp., Pimenta spp.), raw",2016,2016,kg/ha,1874.4,A,Official figure,
QCL,Crops and livestock products,100,India,5412,Yield,1652,"Chillies and peppers, dry (Capsicum spp., Pimenta spp.), raw",2017,2017,kg/ha,2495.2,A,Official figure,
QCL,Crops and livestock products,100,India,5412,Yield,1652,"Chillies and peppers, dry (Capsicum spp., Pimenta spp.), raw",2018,2018,kg/ha,2857.7,A,Official figure,
QCL,Crops and livestock products,100,India,5412,Yield,1652,"Chillies and peppers, dry (Capsicum spp., Pimenta spp.), raw",2019,2019,kg/ha,2234.6,A,Official figure,
QCL,Crops and livestock products,100,India,5412,Yield,1652,"Chillies and peppers, dry (Capsicum spp., Pimenta spp.), raw",2020,2020,kg/ha,2931.3,A,Official figure,
QCL,Crops and livestock products,100,India,5412,Yield,1652,"Chillies and peppers, dry (Capsicum spp., Pimenta spp.), raw",2021,2021,kg/ha,2918.8,A,Official figure,
QCL,Crops and livestock products,100,India,5412,Yield,1652,"Chillies and peppers, dry (Capsicum spp., Pimenta spp.), raw",2022,2022,kg/ha,2764,A,Official figure,
QCL,Crops and livestock products,100,India,5412,Yield,1652,"Chillies and peppers, dry (Capsicum spp., Pimenta spp.), raw",2023,2023,kg/ha,3265.3,A,Official figure,
QCL,Crops and livestock products,100,India,5412,Yield,1652,"Chillies and peppers, dry (Capsicum spp., Pimenta spp.), raw",2024,2024,kg/ha,3013.5,A,Official figure,
QCL,Crops and livestock products,100,India,5412,Yield,1460,"Coconuts, in shell",2010,2010,kg/ha,5717.6,A,Official figure,
QCL,Crops and livestock products,100,India,5412,Yield,1460,"Coconuts, in shell",2011,2011,kg/ha,4964.2,A,Official figure,
QCL,Crops and livestock products,100,India,5412,Yield,1460,"Coconuts, in shell",2012,2012,kg/ha,4941.5,A,Official figure,
QCL,Crops and livestock products,100,India,5412,Yield,1460,"Coconuts, in shell",2013,2013,kg/ha,5574.8,A,Official figure,
QCL,Crops and livestock products,100,India,5412,Yield,1460,"Coconuts, in shell",2014,2014,kg/ha,5607.3,A,Official figure,
QCL,Crops and livestock products,100,India,5412,Yield,1460,"Coconuts, in shell",2015,2015,kg/ha,5367.3,A,Official figure,
QCL,Crops and livestock products,100,India,5412,Yield,1460,"Coconuts, in shell",2016,2016,kg/ha,5448.8,A,Official figure,
QCL,Crops and livestock products,100,India,5412,Yield,1460,"Coconuts, in shell",2017,2017,kg/ha,5366.1,A,Official figure,
QCL,Crops and livestock products,100,India,5412,Yield,1460,"Coconuts, in shell",2018,2018,kg/ha,7826.9,A,Official figure,
QCL,Crops and livestock products,100,India,5412,Yield,1460,"Coconuts, in shell",2019,2019,kg/ha,6825.7,A,Official figure,
QCL,Crops and livestock products,100,India,5412,Yield,1460,"Coconuts, in shell",2020,2020,kg/ha,6445.5,A,Official figure,
QCL,Crops and livestock products,100,India,5412,Yield,1460,"Coconuts, in shell",2021,2021,kg/ha,6503.4,A,Official figure,
QCL,Crops and livestock products,100,India,5412,Yield,1460,"Coconuts, in shell",2022,2022,kg/ha,6182.5,A,Official figure,
QCL,Crops and livestock products,100,India,5412,Yield,1460,"Coconuts, in shell",2023,2023,kg/ha,6220,A,Official figure,
QCL,Crops and livestock products,100,India,5412,Yield,1460,"Coconuts, in shell",2024,2024,kg/ha,6792.7,A,Official figure,
QCL,Crops and livestock products,100,India,5412,Yield,1610,"Coffee, green",2010,2010,kg/ha,814.6,A,Official figure,
QCL,Crops and livestock products,100,India,5412,Yield,1610,"Coffee, green",2011,2011,kg/ha,837.8,A,Official figure,
QCL,Crops and livestock products,100,India,5412,Yield,1610,"Coffee, green",2012,2012,kg/ha,851.7,A,Official figure,
QCL,Crops and livestock products,100,India,5412,Yield,1610,"Coffee, green",2013,2013,kg/ha,845.6,A,Official figure,
QCL,Crops and livestock products,100,India,5412,Yield,1610,"Coffee, green",2014,2014,kg/ha,798.6,A,Official figure,
QCL,Crops and livestock products,100,India,5412,Yield,1610,"Coffee, green",2015,2015,kg/ha,772.6,A,Official figure,
QCL,Crops and livestock products,100,India,5412,Yield,1610,"Coffee, green",2016,2016,kg/ha,801,A,Official figure,
QCL,Crops and livestock products,100,India,5412,Yield,1610,"Coffee, green",2017,2017,kg/ha,694.3,A,Official figure,
QCL,Crops and livestock products,100,India,5412,Yield,1610,"Coffee, green",2018,2018,kg/ha,765.1,A,Official figure,
QCL,Crops and livestock products,100,India,5412,Yield,1610,"Coffee, green",2019,2019,kg/ha,766.7,A,Official figure,
QCL,Crops and livestock products,100,India,5412,Yield,1610,"Coffee, green",2020,2020,kg/ha,712.6,A,Official figure,
QCL,Crops and livestock products,100,India,5412,Yield,1610,"Coffee, green",2021,2021,kg/ha,789.7,A,Official figure,
QCL,Crops and livestock products,100,India,5412,Yield,1610,"Coffee, green",2022,2022,kg/ha,733.8,A,Official figure,
QCL,Crops and livestock products,100,India,5412,Yield,1610,"Coffee, green",2023,2023,kg/ha,736.3,A,Official figure,
QCL,Crops and livestock products,100,India,5412,Yield,1610,"Coffee, green",2024,2024,kg/ha,738.7,A,Official figure,
QCL,Crops and livestock products,100,India,5412,Yield,1233,Eggplants (aubergines),2010,2010,kg/ha,17248.5,A,Official figure,
QCL,Crops and livestock products,100,India,5412,Yield,1233,Eggplants (aubergines),2011,2011,kg/ha,17494.1,A,Official figure,
QCL,Crops and livestock products,100,India,5412,Yield,1233,Eggplants (aubergines),2012,2012,kg/ha,18257.2,A,Official figure,
QCL,Crops and livestock products,100,India,5412,Yield,1233,Eggplants (aubergines),2013,2013,kg/ha,18620.5,A,Official figure,
QCL,Crops and livestock products,100,India,5412,Yield,1233,Eggplants (aubergines),2014,2014,kg/ha,19060.4,A,Official figure,
QCL,Crops and livestock products,100,India,5412,Yield,1233,Eggplants (aubergines),2015,2015,kg/ha,18705.8,A,Official figure,
QCL,Crops and livestock products,100,India,5412,Yield,1233,Eggplants (aubergines),2016,2016,kg/ha,18876.3,A,Official figure,
QCL,Crops and livestock products,100,India,5412,Yield,1233,Eggplants (aubergines),2017,2017,kg/ha,17066.8,A,Official figure,
QCL,Crops and livestock products,100,India,5412,Yield,1233,Eggplants (aubergines),2018,2018,kg/ha,17535.6,A,Official figure,
QCL,Crops and livestock products,100,India,5412,Yield,1233,Eggplants (aubergines),2019,2019,kg/ha,17441.5,A,Official figure,
QCL,Crops and livestock products,100,India,5412,Yield,1233,Eggplants (aubergines),2020,2020,kg/ha,17045.7,A,Official figure,
QCL,Crops and livestock products,100,India,5412,Yield,1233,Eggplants (aubergines),2021,2021,kg/ha,17188.3,A,Official figure,
QCL,Crops and livestock products,100,India,5412,Yield,1233,Eggplants (aubergines),2022,2022,kg/ha,18911.1,A,Official figure,
QCL,Crops and livestock products,100,India,5412,Yield,1233,Eggplants (aubergines),2023,2023,kg/ha,18784.1,A,Official figure,
QCL,Crops and livestock products,100,India,5412,Yield,1233,Eggplants (aubergines),2024,2024,kg/ha,19027.4,A,Official figure,
QCL,Crops and livestock products,100,India,5412,Yield,1330,Grapes,2010,2010,kg/ha,8277.3,A,Official figure,
QCL,Crops and livestock products,100,India,5412,Yield,1330,Grapes,2011,2011,kg/ha,11126.1,A,Official figure,
QCL,Crops and livestock products,100,India,5412,Yield,1330,Grapes,2012,2012,kg/ha,19146.6,A,Official figure,
QCL,Crops and livestock products,100,India,5412,Yield,1330,Grapes,2013,2013,kg/ha,21042.4,A,Official figure,
QCL,Crops and livestock products,100,India,5412,Yield,1330,Grapes,2014,2014,kg/ha,21773.1,A,Official figure,
QCL,Crops and livestock products,100,India,5412,Yield,1330,Grapes,2015,2015,kg/ha,21683.3,A,Official figure,
QCL,Crops and livestock products,100,India,5412,Yield,1330,Grapes,2016,2016,kg/ha,21229.5,A,Official figure,
QCL,Crops and livestock products,100,India,5412,Yield,1330,Grapes,2017,2017,kg/ha,21328.5,A,Official figure,
QCL,Crops and livestock products,100,India,5412,Yield,1330,Grapes,2018,2018,kg/ha,21007.2,A,Official figure,
QCL,Crops and livestock products,100,India,5412,Yield,1330,Grapes,2019,2019,kg/ha,21721.4,A,Official figure,
QCL,Crops and livestock products,100,India,5412,Yield,1330,Grapes,2020,2020,kg/ha,21206.7,A,Official figure,
QCL,Crops and livestock products,100,India,5412,Yield,1330,Grapes,2021,2021,kg/ha,21664.5,A,Official figure,
QCL,Crops and livestock products,100,India,5412,Yield,1330,Grapes,2022,2022,kg/ha,20865,A,Official figure,
QCL,Crops and livestock products,100,India,5412,Yield,1330,Grapes,2023,2023,kg/ha,22130.2,A,Official figure,
QCL,Crops and livestock products,100,India,5412,Yield,1330,Grapes,2024,2024,kg/ha,21735.3,A,Official figure,
QCL,Crops and livestock products,100,India,5412,Yield,142,"Groundnuts, excluding shelled",2010,2010,kg/ha,1407.8,A,Official figure,
QCL,Crops and livestock products,100,India,5412,Yield,142,"Groundnuts, excluding shelled",2011,2011,kg/ha,1299.2,A,Official figure,
QCL,Crops and livestock products,100,India,5412,Yield,142,"Groundnuts, excluding shelled",2012,2012,kg/ha,1030,A,Official figure,
QCL,Crops and livestock products,100,India,5412,Yield,142,"Groundnuts, excluding shelled",2013,2013,kg/ha,1759.8,A,Official figure,
QCL,Crops and livestock products,100,India,5412,Yield,142,"Groundnuts, excluding shelled",2014,2014,kg/ha,1556.7,A,Official figure,
QCL,Crops and livestock products,100,India,5412,Yield,142,"Groundnuts, excluding shelled",2015,2015,kg/ha,1489,A,Official figure,
QCL,Crops and livestock products,100,India,5412,Yield,142,"Groundnuts, excluding shelled",2016,2016,kg/ha,1389.1,A,Official figure,
QCL,Crops and livestock products,100,India,5412,Yield,142,"Groundnuts, excluding shelled",2017,2017,kg/ha,1838,A,Official figure,
QCL,Crops and livestock products,100,India,5412,Yield,142,"Groundnuts, excluding shelled",2018,2018,kg/ha,1444.2,A,Official figure,
QCL,Crops and livestock products,100,India,5412,Yield,142,"Groundnuts, excluding shelled",2019,2019,kg/ha,2044.2,A,Official figure,
QCL,Crops and livestock products,100,India,5412,Yield,142,"Groundnuts, excluding shelled",2020,2020,kg/ha,1729.1,A,Official figure,
QCL,Crops and livestock products,100,India,5412,Yield,142,"Groundnuts, excluding shelled",2021,2021,kg/ha,1763.3,A,Official figure,
QCL,Crops and livestock products,100,India,5412,Yield,142,"Groundnuts, excluding shelled",2022,2022,kg/ha,2030.3,A,Official figure,
QCL,Crops and livestock products,100,India,5412,Yield,142,"Groundnuts, excluding shelled",2023,2023,kg/ha,2192.1,A,Official figure,
QCL,Crops and livestock products,100,India,5412,Yield,142,"Groundnuts, excluding shelled",2024,2024,kg/ha,2111.9,A,Official figure,
QCL,Crops and livestock products,100,India,5412,Yield,1922.01,"Jute, raw or retted",2010,2010,kg/ha,2343.7,A,Official figure,
QCL,Crops and livestock products,100,India,5412,Yield,1922.01,"Jute, raw or retted",2011,2011,kg/ha,2450.5,A,Official figure,
QCL,Crops and livestock products,100,India,5412,Yield,1922.01,"Jute, raw or retted",2012,2012,kg/ha,2390,A,Official figure,
QCL,Crops and livestock products,100,India,5412,Yield,1922.01,"Jute, raw or retted",2013,2013,kg/ha,2430,A,Official figure,
QCL,Crops and livestock products,100,India,5412,Yield,1922.01,"Jute, raw or retted",2014,2014,kg/ha,2655.9,A,Official figure,
QCL,Crops and livestock products,100,India,5412,Yield,1922.01,"Jute, raw or retted",2015,2015,kg/ha,2314.6,A,Official figure,
QCL,Crops and livestock products,100,India,5412,Yield,1922.01,"Jute, raw or retted",2016,2016,kg/ha,2519.3,E,Estimated value,
QCL,Crops and livestock products,100,India,5412,Yield,1922.01,"Jute, raw or retted",2017,2017,kg/ha,2659.5,A,Official figure,
QCL,Crops and livestock products,100,India,5412,Yield,1922.01,"Jute, raw or retted",2018,2018,kg/ha,2517.5,A,Official figure,
QCL,Crops and livestock products,100,India,5412,Yield,1922.01,"Jute, raw or retted",2019,2019,kg/ha,2569.5,A,Official figure,
QCL,Crops and livestock products,100,India,5412,Yield,1922.01,"Jute, raw or retted",2020,2020,kg/ha,2706.6,A,Official figure,
QCL,Crops and livestock products,100,India,5412,Yield,1922.01,"Jute, raw or retted",2021,2021,kg/ha,2591.5,A,Official figure,
QCL,Crops and livestock products,100,India,5412,Yield,1922.01,"Jute, raw or retted",2022,2022,kg/ha,2468.4,A,Official figure,
QCL,Crops and livestock products,100,India,5412,Yield,1922.01,"Jute, raw or retted",2023,2023,kg/ha,2628,A,Official figure,
QCL,Crops and livestock products,100,India,5412,Yield,1922.01,"Jute, raw or retted",2024,2024,kg/ha,2623,A,Official figure,
QCL,Crops and livestock products,100,India,5412,Yield,1704,"Lentils, dry",2010,2010,kg/ha,697.3,A,Official figure,
QCL,Crops and livestock products,100,India,5412,Yield,1704,"Lentils, dry",2011,2011,kg/ha,590.8,A,Official figure,
QCL,Crops and livestock products,100,India,5412,Yield,1704,"Lentils, dry",2012,2012,kg/ha,677.8,A,Official figure,
QCL,Crops and livestock products,100,India,5412,Yield,1704,"Lentils, dry",2013,2013,kg/ha,796.9,A,Official figure,
QCL,Crops and livestock products,100,India,5412,Yield,1704,"Lentils, dry",2014,2014,kg/ha,758.4,A,Official figure,
QCL,Crops and livestock products,100,India,5412,Yield,1704,"Lentils, dry",2015,2015,kg/ha,704.6,A,Official figure,
QCL,Crops and livestock products,100,India,5412,Yield,1704,"Lentils, dry",2016,2016,kg/ha,764.9,A,Official figure,
QCL,Crops and livestock products,100,India,5412,Yield,1704,"Lentils, dry",2017,2017,kg/ha,837.6,A,Official figure,
QCL,Crops and livestock products,100,India,5412,Yield,1704,"Lentils, dry",2018,2018,kg/ha,1046.9,A,Official figure,
QCL,Crops and livestock products,100,India,5412,Yield,1704,"Lentils, dry",2019,2019,kg/ha,901,A,Official figure,
QCL,Crops and livestock products,100,India,5412,Yield,1704,"Lentils, dry",2020,2020,kg/ha,846.7,A,Official figure,
QCL,Crops and livestock products,100,India,5412,Yield,1704,"Lentils, dry",2021,2021,kg/ha,1017.4,A,Official figure,
QCL,Crops and livestock products,100,India,5412,Yield,1704,"Lentils, dry",2022,2022,kg/ha,898.7,A,Official figure,
QCL,Crops and livestock products,100,India,5412,Yield,1704,"Lentils, dry",2023,2023,kg/ha,952.3,A,Official figure,
QCL,Crops and livestock products,100,India,5412,Yield,1704,"Lentils, dry",2024,2024,kg/ha,1028,A,Official figure,
QCL,Crops and livestock products,100,India,5412,Yield,112,Maize (corn),2010,2010,kg/ha,2483.8,A,Official figure,
QCL,Crops and livestock products,100,India,5412,Yield,112,Maize (corn),2011,2011,kg/ha,2493.5,A,Official figure,
QCL,Crops and livestock products,100,India,5412,Yield,112,Maize (corn),2012,2012,kg/ha,2493,A,Official figure,
QCL,Crops and livestock products,100,India,5412,Yield,112,Maize (corn),2013,2013,kg/ha,2645.9,A,Official figure,
QCL,Crops and livestock products,100,India,5412,Yield,112,Maize (corn),2014,2014,kg/ha,2588.8,A,Official figure,
QCL,Crops and livestock products,100,India,5412,Yield,112,Maize (corn),2015,2015,kg/ha,2637.2,A,Official figure,
QCL,Crops and livestock products,100,India,5412,Yield,112,Maize (corn),2016,2016,kg/ha,2686.3,A,Official figure,
QCL,Crops and livestock products,100,India,5412,Yield,112,Maize (corn),2017,2017,kg/ha,2937.5,A,Official figure,
QCL,Crops and livestock products,100,India,5412,Yield,112,Maize (corn),2018,2018,kg/ha,3023.4,A,Official figure,
QCL,Crops and livestock products,100,India,5412,Yield,112,Maize (corn),2019,2019,kg/ha,2998.1,A,Official figure,
QCL,Crops and livestock products,100,India,5412,Yield,112,Maize (corn),2020,2020,kg/ha,3161.4,A,Official figure,
QCL,Crops and livestock products,100,India,5412,Yield,112,Maize (corn),2021,2021,kg/ha,3303.3,A,Official figure,
QCL,Crops and livestock products,100,India,5412,Yield,112,Maize (corn),2022,2022,kg/ha,3395.4,A,Official figure,
QCL,Crops and livestock products,100,India,5412,Yield,112,Maize (corn),2023,2023,kg/ha,3326.5,A,Official figure,
QCL,Crops and livestock products,100,India,5412,Yield,112,Maize (corn),2024,2024,kg/ha,3544.8,A,Official figure,
QCL,Crops and livestock products,100,India,5412,Yield,1316,"Mangoes, guavas and mangosteens",2010,2010,kg/ha,7056.7,A,Official figure,
QCL,Crops and livestock products,100,India,5412,Yield,1316,"Mangoes, guavas and mangosteens",2011,2011,kg/ha,7054.4,A,Official figure,
QCL,Crops and livestock products,100,India,5412,Yield,1316,"Mangoes, guavas and mangosteens",2012,2012,kg/ha,7200.2,A,Official figure,
QCL,Crops and livestock products,100,India,5412,Yield,1316,"Mangoes, guavas and mangosteens",2013,2013,kg/ha,7748.5,A,Official figure,
QCL,Crops and livestock products,100,India,5412,Yield,1316,"Mangoes, guavas and mangosteens",2014,2014,kg/ha,7937.9,A,Official figure,
QCL,Crops and livestock products,100,India,5412,Yield,1316,"Mangoes, guavas and mangosteens",2015,2015,kg/ha,9348.7,A,Official figure,
QCL,Crops and livestock products,100,India,5412,Yield,1316,"Mangoes, guavas and mangosteens",2016,2016,kg/ha,9210.9,A,Official figure,
QCL,Crops and livestock products,100,India,5412,Yield,1316,"Mangoes, guavas and mangosteens",2017,2017,kg/ha,9437.6,A,Official figure,
QCL,Crops and livestock products,100,India,5412,Yield,1316,"Mangoes, guavas and mangosteens",2018,2018,kg/ha,9879.1,A,Official figure,
QCL,Crops and livestock products,100,India,5412,Yield,1316,"Mangoes, guavas and mangosteens",2019,2019,kg/ha,9965.1,A,Official figure,
QCL,Crops and livestock products,100,India,5412,Yield,1316,"Mangoes, guavas and mangosteens",2020,2020,kg/ha,9541.5,A,Official figure,
QCL,Crops and livestock products,100,India,5412,Yield,1316,"Mangoes, guavas and mangosteens",2021,2021,kg/ha,9512.1,A,Official figure,
QCL,Crops and livestock products,100,India,5412,Yield,1316,"Mangoes, guavas and mangosteens",2022,2022,kg/ha,9726,A,Official figure,
QCL,Crops and livestock products,100,India,5412,Yield,1316,"Mangoes, guavas and mangosteens",2023,2023,kg/ha,9724.2,A,Official figure,
QCL,Crops and livestock products,100,India,5412,Yield,1316,"Mangoes, guavas and mangosteens",2024,2024,kg/ha,10068.8,A,Official figure,
QCL,Crops and livestock products,100,India,5412,Yield,118,Millet,2010,2010,kg/ha,1105.5,A,Official figure,
QCL,Crops and livestock products,100,India,5412,Yield,118,Millet,2011,2011,kg/ha,1171.4,A,Official figure,
QCL,Crops and livestock products,100,India,5412,Yield,118,Millet,2012,2012,kg/ha,1205,A,Official figure,
QCL,Crops and livestock products,100,India,5412,Yield,118,Millet,2013,2013,kg/ha,1204,A,Official figure,
QCL,Crops and livestock products,100,India,5412,Yield,118,Millet,2014,2014,kg/ha,1275.9,A,Official figure,
QCL,Crops and livestock products,100,India,5412,Yield,118,Millet,2015,2015,kg/ha,1152.8,A,Official figure,
QCL,Crops and livestock products,100,India,5412,Yield,118,Millet,2016,2016,kg/ha,1270.9,A,Official figure,
QCL,Crops and livestock products,100,India,5412,Yield,118,Millet,2017,2017,kg/ha,1261.6,A,Official figure,
QCL,Crops and livestock products,100,India,5412,Yield,118,Millet,2018,2018,kg/ha,1211.4,A,Official figure,
QCL,Crops and livestock products,100,India,5412,Yield,118,Millet,2019,2019,kg/ha,1386.8,A,Official figure,
QCL,Crops and livestock products,100,India,5412,Yield,118,Millet,2020,2020,kg/ha,1427.1,A,Official figure,
QCL,Crops and livestock products,100,India,5412,Yield,118,Millet,2021,2021,kg/ha,1396,A,Official figure,
QCL,Crops and livestock products,100,India,5412,Yield,118,Millet,2022,2022,kg/ha,1417.7,A,Official figure,
QCL,Crops and livestock products,100,India,5412,Yield,118,Millet,2023,2023,kg/ha,1419.7,A,Official figure,
QCL,Crops and livestock products,100,India,5412,Yield,118,Millet,2024,2024,kg/ha,1431.4,A,Official figure,
QCL,Crops and livestock products,100,India,5412,Yield,1950.01,Natural rubber in primary forms,2010,2010,kg/ha,1807.1,A,Official figure,
QCL,Crops and livestock products,100,India,5412,Yield,1950.01,Natural rubber in primary forms,2011,2011,kg/ha,1818.2,E,Estimated value,
QCL,Crops and livestock products,100,India,5412,Yield,1950.01,Natural rubber in primary forms,2012,2012,kg/ha,2036.2,E,Estimated value,
QCL,Crops and livestock products,100,India,5412,Yield,1950.01,Natural rubber in primary forms,2013,2013,kg/ha,2000,E,Estimated value,
QCL,Crops and livestock products,100,India,5412,Yield,1950.01,Natural rubber in primary forms,2014,2014,kg/ha,2065.9,E,Estimated value,
QCL,Crops and livestock products,100,India,5412,Yield,1950.01,Natural rubber in primary forms,2015,2015,kg/ha,2071.3,E,Estimated value,
QCL,Crops and livestock products,100,India,5412,Yield,1950.01,Natural rubber in primary forms,2016,2016,kg/ha,2078.2,E,Estimated value,
QCL,Crops and livestock products,100,India,5412,Yield,1950.01,Natural rubber in primary forms,2017,2017,kg/ha,2091.9,E,Estimated value,
QCL,Crops and livestock products,100,India,5412,Yield,1950.01,Natural rubber in primary forms,2018,2018,kg/ha,2112.7,E,Estimated value,
QCL,Crops and livestock products,100,India,5412,Yield,1950.01,Natural rubber in primary forms,2019,2019,kg/ha,2140.7,E,Estimated value,
QCL,Crops and livestock products,100,India,5412,Yield,1950.01,Natural rubber in primary forms,2020,2020,kg/ha,2167.6,E,Estimated value,
QCL,Crops and livestock products,100,India,5412,Yield,1950.01,Natural rubber in primary forms,2021,2021,kg/ha,2219.9,E,Estimated value,
QCL,Crops and livestock products,100,India,5412,Yield,1950.01,Natural rubber in primary forms,2022,2022,kg/ha,2230.7,E,Estimated value,
QCL,Crops and livestock products,100,India,5412,Yield,1950.01,Natural rubber in primary forms,2023,2023,kg/ha,2256,E,Estimated value,
QCL,Crops and livestock products,100,India,5412,Yield,1950.01,Natural rubber in primary forms,2024,2024,kg/ha,2281.3,E,Estimated value,
QCL,Crops and livestock products,100,India,5412,Yield,1253.02,"Onions and shallots, dry (excluding dehydrated)",2010,2010,kg/ha,14208.6,A,Official figure,
QCL,Crops and livestock products,100,India,5412,Yield,1253.02,"Onions and shallots, dry (excluding dehydrated)",2011,2011,kg/ha,16106.2,A,Official figure,
QCL,Crops and livestock products,100,India,5412,Yield,1253.02,"Onions and shallots, dry (excluding dehydrated)",2012,2012,kg/ha,15981.9,A,Official figure,
QCL,Crops and livestock products,100,India,5412,Yield,1253.02,"Onions and shallots, dry (excluding dehydrated)",2013,2013,kg/ha,15857.8,A,Official figure,
QCL,Crops and livestock products,100,India,5412,Yield,1253.02,"Onions and shallots, dry (excluding dehydrated)",2014,2014,kg/ha,16120.1,A,Official figure,
QCL,Crops and livestock products,100,India,5412,Yield,1253.02,"Onions and shallots, dry (excluding dehydrated)",2015,2015,kg/ha,16135.5,A,Official figure,
QCL,Crops and livestock products,100,India,5412,Yield,1253.02,"Onions and shallots, dry (excluding dehydrated)",2016,2016,kg/ha,15856.8,A,Official figure,
QCL,Crops and livestock products,100,India,5412,Yield,1253.02,"Onions and shallots, dry (excluding dehydrated)",2017,2017,kg/ha,17172.3,A,Official figure,
QCL,Crops and livestock products,100,India,5412,Yield,1253.02,"Onions and shallots, dry (excluding dehydrated)",2018,2018,kg/ha,18102.7,A,Official figure,
QCL,Crops and livestock products,100,India,5412,Yield,1253.02,"Onions and shallots, dry (excluding dehydrated)",2019,2019,kg/ha,18704.1,A,Official figure,
QCL,Crops and livestock products,100,India,5412,Yield,1253.02,"Onions and shallots, dry (excluding dehydrated)",2020,2020,kg/ha,18232.7,A,Official figure,
QCL,Crops and livestock products,100,India,5412,Yield,1253.02,"Onions and shallots, dry (excluding dehydrated)",2021,2021,kg/ha,16404.6,A,Official figure,
QCL,Crops and livestock products,100,India,5412,Yield,1253.02,"Onions and shallots, dry (excluding dehydrated)",2022,2022,kg/ha,16325.1,A,Official figure,
QCL,Crops and livestock products,100,India,5412,Yield,1253.02,"Onions and shallots, dry (excluding dehydrated)",2023,2023,kg/ha,17360.9,A,Official figure,
QCL,Crops and livestock products,100,India,5412,Yield,1253.02,"Onions and shallots, dry (excluding dehydrated)",2024,2024,kg/ha,15751,A,Official figure,
QCL,Crops and livestock products,100,India,5412,Yield,1323,Oranges,2010,2010,kg/ha,11211.1,A,Official figure,
QCL,Crops and livestock products,100,India,5412,Yield,1323,Oranges,2011,2011,kg/ha,8382.2,A,Official figure,
QCL,Crops and livestock products,100,India,5412,Yield,1323,Oranges,2012,2012,kg/ha,7604.9,A,Official figure,
QCL,Crops and livestock products,100,India,5412,Yield,1323,Oranges,2013,2013,kg/ha,10897.8,A,Official figure,
QCL,Crops and livestock products,100,India,5412,Yield,1323,Oranges,2014,2014,kg/ha,11600,A,Official figure,
QCL,Crops and livestock products,100,India,5412,Yield,1323,Oranges,2015,2015,kg/ha,15378.2,A,Official figure,
QCL,Crops and livestock products,100,India,5412,Yield,1323,Oranges,2016,2016,kg/ha,14227.6,A,Official figure,
QCL,Crops and livestock products,100,India,5412,Yield,1323,Oranges,2017,2017,kg/ha,16782.8,A,Official figure,
QCL,Crops and livestock products,100,India,5412,Yield,1323,Oranges,2018,2018,kg/ha,17689.8,A,Official figure,
QCL,Crops and livestock products,100,India,5412,Yield,1323,Oranges,2019,2019,kg/ha,17459.1,A,Official figure,
QCL,Crops and livestock products,100,India,5412,Yield,1323,Oranges,2020,2020,kg/ha,18581.4,A,Official figure,
QCL,Crops and livestock products,100,India,5412,Yield,1323,Oranges,2021,2021,kg/ha,18417.5,A,Official figure,
QCL,Crops and livestock products,100,India,5412,Yield,1323,Oranges,2022,2022,kg/ha,17083.3,A,Official figure,
QCL,Crops and livestock products,100,India,5412,Yield,1323,Oranges,2023,2023,kg/ha,17000,A,Official figure,
QCL,Crops and livestock products,100,India,5412,Yield,1323,Oranges,2024,2024,kg/ha,16038,A,Official figure,
QCL,Crops and livestock products,100,India,5412,Yield,1705,"Peas, dry",2010,2010,kg/ha,882.7,A,Official figure,
QCL,Crops and livestock products,100,India,5412,Yield,1705,"Peas, dry",2011,2011,kg/ha,815.7,A,Official figure,
QCL,Crops and livestock products,100,India,5412,Yield,1705,"Peas, dry",2012,2012,kg/ha,933.9,A,Official figure,
QCL,Crops and livestock products,100,India,5412,Yield,1705,"Peas, dry",2013,2013,kg/ha,1099.1,A,Official figure,
QCL,Crops and livestock products,100,India,5412,Yield,1705,"Peas, dry",2014,2014,kg/ha,960.5,A,Official figure,
QCL,Crops and livestock products,100,India,5412,Yield,1705,"Peas, dry",2015,2015,kg/ha,911.8,A,Official figure,
QCL,Crops and livestock products,100,India,5412,Yield,1705,"Peas, dry",2016,2016,kg/ha,821.7,A,Official figure,
QCL,Crops and livestock products,100,India,5412,Yield,1705,"Peas, dry",2017,2017,kg/ha,955,A,Official figure,
QCL,Crops and livestock products,100,India,5412,Yield,1705,"Peas, dry",2018,2018,kg/ha,1203.6,A,Official figure,
QCL,Crops and livestock products,100,India,5412,Yield,1705,"Peas, dry",2019,2019,kg/ha,1338,A,Official figure,
QCL,Crops and livestock products,100,India,5412,Yield,1705,"Peas, dry",2020,2020,kg/ha,1440.1,A,Official figure,
QCL,Crops and livestock products,100,India,5412,Yield,1705,"Peas, dry",2021,2021,kg/ha,1374.8,A,Official figure,
QCL,Crops and livestock products,100,India,5412,Yield,1705,"Peas, dry",2022,2022,kg/ha,1318.2,A,Official figure,
QCL,Crops and livestock products,100,India,5412,Yield,1705,"Peas, dry",2023,2023,kg/ha,1352.1,A,Official figure,
QCL,Crops and livestock products,100,India,5412,Yield,1705,"Peas, dry",2024,2024,kg/ha,1381.6,E,Estimated value,
QCL,Crops and livestock products,100,India,5412,Yield,1242,"Peas, green",2010,2010,kg/ha,8302,A,Official figure,
QCL,Crops and livestock products,100,India,5412,Yield,1242,"Peas, green",2011,2011,kg/ha,9505.4,A,Official figure,
QCL,Crops and livestock products,100,India,5412,Yield,1242,"Peas, green",2012,2012,kg/ha,9173.9,A,Official figure,
QCL,Crops and livestock products,100,India,5412,Yield,1242,"Peas, green",2013,2013,kg/ha,9518.2,A,Official figure,
QCL,Crops and livestock products,100,India,5412,Yield,1242,"Peas, green",2014,2014,kg/ha,8922.9,A,Official figure,
QCL,Crops and livestock products,100,India,5412,Yield,1242,"Peas, green",2015,2015,kg/ha,9773.1,A,Official figure,
QCL,Crops and livestock products,100,India,5412,Yield,1242,"Peas, green",2016,2016,kg/ha,9660.6,A,Official figure,
QCL,Crops and livestock products,100,India,5412,Yield,1242,"Peas, green",2017,2017,kg/ha,10084.9,A,Official figure,
QCL,Crops and livestock products,100,India,5412,Yield,1242,"Peas, green",2018,2018,kg/ha,10040.7,A,Official figure,
QCL,Crops and livestock products,100,India,5412,Yield,1242,"Peas, green",2019,2019,kg/ha,10076.1,A,Official figure,
QCL,Crops and livestock products,100,India,5412,Yield,1242,"Peas, green",2020,2020,kg/ha,10295.8,A,Official figure,
QCL,Crops and livestock products,100,India,5412,Yield,1242,"Peas, green",2021,2021,kg/ha,10310.4,A,Official figure,
QCL,Crops and livestock products,100,India,5412,Yield,1242,"Peas, green",2022,2022,kg/ha,10478,A,Official figure,
QCL,Crops and livestock products,100,India,5412,Yield,1242,"Peas, green",2023,2023,kg/ha,10824.3,A,Official figure,
QCL,Crops and livestock products,100,India,5412,Yield,1242,"Peas, green",2024,2024,kg/ha,10910.6,A,Official figure,
QCL,Crops and livestock products,100,India,5412,Yield,1707,"Pigeon peas, dry",2010,2010,kg/ha,655.2,A,Official figure,
QCL,Crops and livestock products,100,India,5412,Yield,1707,"Pigeon peas, dry",2011,2011,kg/ha,662.3,A,Official figure,
QCL,Crops and livestock products,100,India,5412,Yield,1707,"Pigeon peas, dry",2012,2012,kg/ha,776.5,A,Official figure,
QCL,Crops and livestock products,100,India,5412,Yield,1707,"Pigeon peas, dry",2013,2013,kg/ha,813,A,Official figure,
QCL,Crops and livestock products,100,India,5412,Yield,1707,"Pigeon peas, dry",2014,2014,kg/ha,728.5,A,Official figure,
QCL,Crops and livestock products,100,India,5412,Yield,1707,"Pigeon peas, dry",2015,2015,kg/ha,646.2,A,Official figure,
QCL,Crops and livestock products,100,India,5412,Yield,1707,"Pigeon peas, dry",2016,2016,kg/ha,913,A,Official figure,
QCL,Crops and livestock products,100,India,5412,Yield,1707,"Pigeon peas, dry",2017,2017,kg/ha,966.5,A,Official figure,
QCL,Crops and livestock products,100,India,5412,Yield,1707,"Pigeon peas, dry",2018,2018,kg/ha,728.7,A,Official figure,
QCL,Crops and livestock products,100,India,5412,Yield,1707,"Pigeon peas, dry",2019,2019,kg/ha,858.6,A,Official figure,
QCL,Crops and livestock products,100,India,5412,Yield,1707,"Pigeon peas, dry",2020,2020,kg/ha,913.5,A,Official figure,
QCL,Crops and livestock products,100,India,5412,Yield,1707,"Pigeon peas, dry",2021,2021,kg/ha,861.2,A,Official figure,
QCL,Crops and livestock products,100,India,5412,Yield,1707,"Pigeon peas, dry",2022,2022,kg/ha,814,A,Official figure,
QCL,Crops and livestock products,100,India,5412,Yield,1707,"Pigeon peas, dry",2023,2023,kg/ha,827.2,A,Official figure,
QCL,Crops and livestock products,100,India,5412,Yield,1707,"Pigeon peas, dry",2024,2024,kg/ha,836.1,A,Official figure,
QCL,Crops and livestock products,100,India,5412,Yield,1318,Pineapples,2010,2010,kg/ha,15090.3,A,Official figure,
QCL,Crops and livestock products,100,India,5412,Yield,1318,Pineapples,2011,2011,kg/ha,15898.9,A,Official figure,
QCL,Crops and livestock products,100,India,5412,Yield,1318,Pineapples,2012,2012,kg/ha,14705.9,A,Official figure,
QCL,Crops and livestock products,100,India,5412,Yield,1318,Pineapples,2013,2013,kg/ha,14961.9,A,Official figure,
QCL,Crops and livestock products,100,India,5412,Yield,1318,Pineapples,2014,2014,kg/ha,15805.8,A,Official figure,
QCL,Crops and livestock products,100,India,5412,Yield,1318,Pineapples,2015,2015,kg/ha,17103.4,A,Official figure,
QCL,Crops and livestock products,100,India,5412,Yield,1318,Pineapples,2016,2016,kg/ha,17490.9,A,Official figure,
QCL,Crops and livestock products,100,India,5412,Yield,1318,Pineapples,2017,2017,kg/ha,16765.8,A,Official figure,
QCL,Crops and livestock products,100,India,5412,Yield,1318,Pineapples,2018,2018,kg/ha,16563.1,A,Official figure,
QCL,Crops and livestock products,100,India,5412,Yield,1318,Pineapples,2019,2019,kg/ha,16451.9,A,Official figure,
QCL,Crops and livestock products,100,India,5412,Yield,1318,Pineapples,2020,2020,kg/ha,16339.6,A,Official figure,
QCL,Crops and livestock products,100,India,5412,Yield,1318,Pineapples,2021,2021,kg/ha,16971.7,A,Official figure,
QCL,Crops and livestock products,100,India,5412,Yield,1318,Pineapples,2022,2022,kg/ha,17138.9,A,Official figure,
QCL,Crops and livestock products,100,India,5412,Yield,1318,Pineapples,2023,2023,kg/ha,16925.9,A,Official figure,
QCL,Crops and livestock products,100,India,5412,Yield,1318,Pineapples,2024,2024,kg/ha,16350.7,A,Official figure,
QCL,Crops and livestock products,100,India,5412,Yield,1510,Potatoes,2010,2010,kg/ha,19929.9,A,Official figure,
QCL,Crops and livestock products,100,India,5412,Yield,1510,Potatoes,2011,2011,kg/ha,22724,A,Official figure,
QCL,Crops and livestock products,100,India,5412,Yield,1510,Potatoes,2012,2012,kg/ha,21753,A,Official figure,
QCL,Crops and livestock products,100,India,5412,Yield,1510,Potatoes,2013,2013,kg/ha,22760.6,A,Official figure,
QCL,Crops and livestock products,100,India,5412,Yield,1510,Potatoes,2014,2014,kg/ha,22922.4,A,Official figure,
QCL,Crops and livestock products,100,India,5412,Yield,1510,Potatoes,2015,2015,kg/ha,23125.7,A,Official figure,
QCL,Crops and livestock products,100,India,5412,Yield,1510,Potatoes,2016,2016,kg/ha,20508.7,A,Official figure,
QCL,Crops and livestock products,100,India,5412,Yield,1510,Potatoes,2017,2017,kg/ha,22306.1,A,Official figure,
QCL,Crops and livestock products,100,India,5412,Yield,1510,Potatoes,2018,2018,kg/ha,23954.2,A,Official figure,
QCL,Crops and livestock products,100,India,5412,Yield,1510,Potatoes,2019,2019,kg/ha,23097.1,A,Official figure,
QCL,Crops and livestock products,100,India,5412,Yield,1510,Potatoes,2020,2020,kg/ha,23677.2,A,Official figure,
QCL,Crops and livestock products,100,India,5412,Yield,1510,Potatoes,2021,2021,kg/ha,24123.7,A,Official figure,
QCL,Crops and livestock products,100,India,5412,Yield,1510,Potatoes,2022,2022,kg/ha,25236.3,A,Official figure,
QCL,Crops and livestock products,100,India,5412,Yield,1510,Potatoes,2023,2023,kg/ha,25789.9,A,Official figure,
QCL,Crops and livestock products,100,India,5412,Yield,1510,Potatoes,2024,2024,kg/ha,24568.4,A,Official figure,
QCL,Crops and livestock products,100,India,5412,Yield,1443,Rape or colza seed,2010,2010,kg/ha,1184.2,A,Official figure,
QCL,Crops and livestock products,100,India,5412,Yield,1443,Rape or colza seed,2011,2011,kg/ha,1257.1,A,Official figure,
QCL,Crops and livestock products,100,India,5412,Yield,1443,Rape or colza seed,2012,2012,kg/ha,1120.5,A,Official figure,
QCL,Crops and livestock products,100,India,5412,Yield,1443,Rape or colza seed,2013,2013,kg/ha,1233.4,A,Official figure,
QCL,Crops and livestock products,100,India,5412,Yield,1443,Rape or colza seed,2014,2014,kg/ha,1185.3,A,Official figure,
QCL,Crops and livestock products,100,India,5412,Yield,1443,Rape or colza seed,2015,2015,kg/ha,1084.8,A,Official figure,
QCL,Crops and livestock products,100,India,5412,Yield,1443,Rape or colza seed,2016,2016,kg/ha,1179.6,A,Official figure,
QCL,Crops and livestock products,100,India,5412,Yield,1443,Rape or colza seed,2017,2017,kg/ha,1303.5,A,Official figure,
QCL,Crops and livestock products,100,India,5412,Yield,1443,Rape or colza seed,2018,2018,kg/ha,1410.3,A,Official figure,
QCL,Crops and livestock products,100,India,5412,Yield,1443,Rape or colza seed,2019,2019,kg/ha,1511.4,A,Official figure,
QCL,Crops and livestock products,100,India,5412,Yield,1443,Rape or colza seed,2020,2020,kg/ha,1330.7,A,Official figure,
QCL,Crops and livestock products,100,India,5412,Yield,1443,Rape or colza seed,2021,2021,kg/ha,1523.9,A,Official figure,
QCL,Crops and livestock products,100,India,5412,Yield,1443,Rape or colza seed,2022,2022,kg/ha,1497,A,Official figure,
QCL,Crops and livestock products,100,India,5412,Yield,1443,Rape or colza seed,2023,2023,kg/ha,1428.4,A,Official figure,
QCL,Crops and livestock products,100,India,5412,Yield,1443,Rape or colza seed,2024,2024,kg/ha,1443.8,A,Official figure,
QCL,Crops and livestock products,100,India,5412,Yield,113,Rice,2010,2010,kg/ha,3323,A,Official figure,
QCL,Crops and livestock products,100,India,5412,Yield,113,Rice,2011,2011,kg/ha,3606,A,Official figure,
QCL,Crops and livestock products,100,India,5412,Yield,113,Rice,2012,2012,kg/ha,3677.4,A,Official figure,
QCL,Crops and livestock products,100,India,5412,Yield,113,Rice,2013,2013,kg/ha,3616.5,A,Official figure,
QCL,Crops and livestock products,100,India,5412,Yield,113,Rice,2014,2014,kg/ha,3590,A,Official figure,
QCL,Crops and livestock products,100,India,5412,Yield,113,Rice,2015,2015,kg/ha,3601.8,A,Official figure,
QCL,Crops and livestock products,100,India,5412,Yield,113,Rice,2016,2016,kg/ha,3752.6,A,Official figure,
QCL,Crops and livestock products,100,India,5412,Yield,113,Rice,2017,2017,kg/ha,3811.7,A,Official figure,
QCL,Crops and livestock products,100,India,5412,Yield,113,Rice,2018,2018,kg/ha,3976.1,A,Official figure,
QCL,Crops and livestock products,100,India,5412,Yield,113,Rice,2019,2019,kg/ha,4052.1,A,Official figure,
QCL,Crops and livestock products,100,India,5412,Yield,113,Rice,2020,2020,kg/ha,4059.4,A,Official figure,
QCL,Crops and livestock products,100,India,5412,Yield,113,Rice,2021,2021,kg/ha,4203.3,A,Official figure,
QCL,Crops and livestock products,100,India,5412,Yield,113,Rice,2022,2022,kg/ha,4238.8,A,Official figure,
QCL,Crops and livestock products,100,India,5412,Yield,113,Rice,2023,2023,kg/ha,4313.5,A,Official figure,
QCL,Crops and livestock products,100,India,5412,Yield,113,Rice,2024,2024,kg/ha,4313.2,A,Official figure,
QCL,Crops and livestock products,100,India,5412,Yield,1921.01,"Seed cotton, unginned",2010,2010,kg/ha,1594,A,Official figure,
QCL,Crops and livestock products,100,India,5412,Yield,1921.01,"Seed cotton, unginned",2011,2011,kg/ha,1574.8,A,Official figure,
QCL,Crops and livestock products,100,India,5412,Yield,1921.01,"Seed cotton, unginned",2012,2012,kg/ha,1517.4,A,Official figure,
QCL,Crops and livestock products,100,India,5412,Yield,1921.01,"Seed cotton, unginned",2013,2013,kg/ha,1617.9,A,Official figure,
QCL,Crops and livestock products,100,India,5412,Yield,1921.01,"Seed cotton, unginned",2014,2014,kg/ha,1413.1,A,Official figure,
QCL,Crops and livestock products,100,India,5412,Yield,1921.01,"Seed cotton, unginned",2015,2015,kg/ha,1343.1,A,Official figure,
QCL,Crops and livestock products,100,India,5412,Yield,1921.01,"Seed cotton, unginned",2016,2016,kg/ha,1598.2,A,Official figure,
QCL,Crops and livestock products,100,India,5412,Yield,1921.01,"Seed cotton, unginned",2017,2017,kg/ha,1401.9,A,Official figure,
QCL,Crops and livestock products,100,India,5412,Yield,1921.01,"Seed cotton, unginned",2018,2018,kg/ha,1164.5,A,Official figure,
QCL,Crops and livestock products,100,India,5412,Yield,1921.01,"Seed cotton, unginned",2019,2019,kg/ha,1471.2,E,Estimated value,
QCL,Crops and livestock products,100,India,5412,Yield,1921.01,"Seed cotton, unginned",2020,2020,kg/ha,1315.7,E,Estimated value,
QCL,Crops and livestock products,100,India,5412,Yield,1921.01,"Seed cotton, unginned",2021,2021,kg/ha,1294.9,E,Estimated value,
QCL,Crops and livestock products,100,India,5412,Yield,1921.01,"Seed cotton, unginned",2022,2022,kg/ha,1160.4,E,Estimated value,
QCL,Crops and livestock products,100,India,5412,Yield,1921.01,"Seed cotton, unginned",2023,2023,kg/ha,1292.6,E,Estimated value,
QCL,Crops and livestock products,100,India,5412,Yield,1921.01,"Seed cotton, unginned",2024,2024,kg/ha,1310.4,E,Estimated value,
QCL,Crops and livestock products,100,India,5412,Yield,1444,Sesame seed,2010,2010,kg/ha,428.7,A,Official figure,
QCL,Crops and livestock products,100,India,5412,Yield,1444,Sesame seed,2011,2011,kg/ha,426.1,A,Official figure,
QCL,Crops and livestock products,100,India,5412,Yield,1444,Sesame seed,2012,2012,kg/ha,401.6,A,Official figure,
QCL,Crops and livestock products,100,India,5412,Yield,1444,Sesame seed,2013,2013,kg/ha,425.6,A,Official figure,
QCL,Crops and livestock products,100,India,5412,Yield,1444,Sesame seed,2014,2014,kg/ha,474.1,A,Official figure,
QCL,Crops and livestock products,100,India,5412,Yield,1444,Sesame seed,2015,2015,kg/ha,435.7,A,Official figure,
QCL,Crops and livestock products,100,India,5412,Yield,1444,Sesame seed,2016,2016,kg/ha,448.1,A,Official figure,
QCL,Crops and livestock products,100,India,5412,Yield,1444,Sesame seed,2017,2017,kg/ha,478.2,A,Official figure,
QCL,Crops and livestock products,100,India,5412,Yield,1444,Sesame seed,2018,2018,kg/ha,485.4,A,Official figure,
QCL,Crops and livestock products,100,India,5412,Yield,1444,Sesame seed,2019,2019,kg/ha,405.2,A,Official figure,
QCL,Crops and livestock products,100,India,5412,Yield,1444,Sesame seed,2020,2020,kg/ha,474.2,A,Official figure,
QCL,Crops and livestock products,100,India,5412,Yield,1444,Sesame seed,2021,2021,kg/ha,484.8,A,Official figure,
QCL,Crops and livestock products,100,India,5412,Yield,1444,Sesame seed,2022,2022,kg/ha,375.5,A,Official figure,
QCL,Crops and livestock products,100,India,5412,Yield,1444,Sesame seed,2023,2023,kg/ha,541.2,A,Official figure,
QCL,Crops and livestock products,100,India,5412,Yield,1444,Sesame seed,2024,2024,kg/ha,557.8,A,Official figure,
QCL,Crops and livestock products,100,India,5412,Yield,141,Soya beans,2010,2010,kg/ha,1326.3,A,Official figure,
QCL,Crops and livestock products,100,India,5412,Yield,141,Soya beans,2011,2011,kg/ha,1208.2,A,Official figure,
QCL,Crops and livestock products,100,India,5412,Yield,141,Soya beans,2012,2012,kg/ha,1352.9,A,Official figure,
QCL,Crops and livestock products,100,India,5412,Yield,141,Soya beans,2013,2013,kg/ha,1012.3,A,Official figure,
QCL,Crops and livestock products,100,India,5412,Yield,141,Soya beans,2014,2014,kg/ha,950.8,A,Official figure,
QCL,Crops and livestock products,100,India,5412,Yield,141,Soya beans,2015,2015,kg/ha,738.5,A,Official figure,
QCL,Crops and livestock products,100,India,5412,Yield,141,Soya beans,2016,2016,kg/ha,1176.6,A,Official figure,
QCL,Crops and livestock products,100,India,5412,Yield,141,Soya beans,2017,2017,kg/ha,1058.5,A,Official figure,
QCL,Crops and livestock products,100,India,5412,Yield,141,Soya beans,2018,2018,kg/ha,1191.9,A,Official figure,
QCL,Crops and livestock products,100,India,5412,Yield,141,Soya beans,2019,2019,kg/ha,920.7,A,Official figure,
QCL,Crops and livestock products,100,India,5412,Yield,141,Soya beans,2020,2020,kg/ha,976.2,A,Official figure,
QCL,Crops and livestock products,100,India,5412,Yield,141,Soya beans,2021,2021,kg/ha,1069.2,A,Official figure,
QCL,Crops and livestock products,100,India,5412,Yield,141,Soya beans,2022,2022,kg/ha,1145.3,A,Official figure,
QCL,Crops and livestock products,100,India,5412,Yield,141,Soya beans,2023,2023,kg/ha,985.4,A,Official figure,
QCL,Crops and livestock products,100,India,5412,Yield,141,Soya beans,2024,2024,kg/ha,1169.5,A,Official figure,
QCL,Crops and livestock products,100,India,5412,Yield,1802,Sugar cane,2010,2010,kg/ha,70019.1,A,Official figure,
QCL,Crops and livestock products,100,India,5412,Yield,1802,Sugar cane,2011,2011,kg/ha,69246.6,A,Official figure,
QCL,Crops and livestock products,100,India,5412,Yield,1802,Sugar cane,2012,2012,kg/ha,71634.3,A,Official figure,
QCL,Crops and livestock products,100,India,5412,Yield,1802,Sugar cane,2013,2013,kg/ha,68240,A,Official figure,
QCL,Crops and livestock products,100,India,5412,Yield,1802,Sugar cane,2014,2014,kg/ha,70569.5,A,Official figure,
QCL,Crops and livestock products,100,India,5412,Yield,1802,Sugar cane,2015,2015,kg/ha,71466.1,A,Official figure,
QCL,Crops and livestock products,100,India,5412,Yield,1802,Sugar cane,2016,2016,kg/ha,70393.5,A,Official figure,
QCL,Crops and livestock products,100,India,5412,Yield,1802,Sugar cane,2017,2017,kg/ha,69001.4,A,Official figure,
QCL,Crops and livestock products,100,India,5412,Yield,1802,Sugar cane,2018,2018,kg/ha,80198.4,A,Official figure,
QCL,Crops and livestock products,100,India,5412,Yield,1802,Sugar cane,2019,2019,kg/ha,80104.5,A,Official figure,
QCL,Crops and livestock products,100,India,5412,Yield,1802,Sugar cane,2020,2020,kg/ha,80496.6,A,Official figure,
QCL,Crops and livestock products,100,India,5412,Yield,1802,Sugar cane,2021,2021,kg/ha,83566.2,A,Official figure,
QCL,Crops and livestock products,100,India,5412,Yield,1802,Sugar cane,2022,2022,kg/ha,84906.3,A,Official figure,
QCL,Crops and livestock products,100,India,5412,Yield,1802,Sugar cane,2023,2023,kg/ha,83348.7,A,Official figure,
QCL,Crops and livestock products,100,India,5412,Yield,1802,Sugar cane,2024,2024,kg/ha,78953,A,Official figure,
QCL,Crops and livestock products,100,India,5412,Yield,1445,Sunflower seed,2010,2010,kg/ha,676.5,A,Official figure,
QCL,Crops and livestock products,100,India,5412,Yield,1445,Sunflower seed,2011,2011,kg/ha,694.2,A,Official figure,
QCL,Crops and livestock products,100,India,5412,Yield,1445,Sunflower seed,2012,2012,kg/ha,720.1,A,Official figure,
QCL,Crops and livestock products,100,India,5412,Yield,1445,Sunflower seed,2013,2013,kg/ha,672.1,A,Official figure,
QCL,Crops and livestock products,100,India,5412,Yield,1445,Sunflower seed,2014,2014,kg/ha,757.1,A,Official figure,
QCL,Crops and livestock products,100,India,5412,Yield,1445,Sunflower seed,2015,2015,kg/ha,671.5,A,Official figure,
QCL,Crops and livestock products,100,India,5412,Yield,1445,Sunflower seed,2016,2016,kg/ha,653,A,Official figure,
QCL,Crops and livestock products,100,India,5412,Yield,1445,Sunflower seed,2017,2017,kg/ha,693.4,A,Official figure,
QCL,Crops and livestock products,100,India,5412,Yield,1445,Sunflower seed,2018,2018,kg/ha,853.7,A,Official figure,
QCL,Crops and livestock products,100,India,5412,Yield,1445,Sunflower seed,2019,2019,kg/ha,807.7,A,Official figure,
QCL,Crops and livestock products,100,India,5412,Yield,1445,Sunflower seed,2020,2020,kg/ha,983.4,A,Official figure,
QCL,Crops and livestock products,100,India,5412,Yield,1445,Sunflower seed,2021,2021,kg/ha,986.4,A,Official figure,
QCL,Crops and livestock products,100,India,5412,Yield,1445,Sunflower seed,2022,2022,kg/ha,976.5,A,Official figure,
QCL,Crops and livestock products,100,India,5412,Yield,1445,Sunflower seed,2023,2023,kg/ha,1029.5,A,Official figure,
QCL,Crops and livestock products,100,India,5412,Yield,1445,Sunflower seed,2024,2024,kg/ha,1124.7,A,Official figure,
QCL,Crops and livestock products,100,India,5412,Yield,1530,Sweet potatoes,2010,2010,kg/ha,9206.9,A,Official figure,
QCL,Crops and livestock products,100,India,5412,Yield,1530,Sweet potatoes,2011,2011,kg/ha,9245.6,A,Official figure,
QCL,Crops and livestock products,100,India,5412,Yield,1530,Sweet potatoes,2012,2012,kg/ha,9717.4,A,Official figure,
QCL,Crops and livestock products,100,India,5412,Yield,1530,Sweet potatoes,2013,2013,kg/ha,10128.8,A,Official figure,
QCL,Crops and livestock products,100,India,5412,Yield,1530,Sweet potatoes,2014,2014,kg/ha,10275.6,A,Official figure,
QCL,Crops and livestock products,100,India,5412,Yield,1530,Sweet potatoes,2015,2015,kg/ha,11476.6,A,Official figure,
QCL,Crops and livestock products,100,India,5412,Yield,1530,Sweet potatoes,2016,2016,kg/ha,11539.7,A,Official figure,
QCL,Crops and livestock products,100,India,5412,Yield,1530,Sweet potatoes,2017,2017,kg/ha,11406.3,A,Official figure,
QCL,Crops and livestock products,100,India,5412,Yield,1530,Sweet potatoes,2018,2018,kg/ha,11450.4,A,Official figure,
QCL,Crops and livestock products,100,India,5412,Yield,1530,Sweet potatoes,2019,2019,kg/ha,10509.1,A,Official figure,
QCL,Crops and livestock products,100,India,5412,Yield,1530,Sweet potatoes,2020,2020,kg/ha,10564.8,A,Official figure,
QCL,Crops and livestock products,100,India,5412,Yield,1530,Sweet potatoes,2021,2021,kg/ha,10575.5,A,Official figure,
QCL,Crops and livestock products,100,India,5412,Yield,1530,Sweet potatoes,2022,2022,kg/ha,11065.4,A,Official figure,
QCL,Crops and livestock products,100,India,5412,Yield,1530,Sweet potatoes,2023,2023,kg/ha,11718.2,A,Official figure,
QCL,Crops and livestock products,100,India,5412,Yield,1530,Sweet potatoes,2024,2024,kg/ha,11674.7,A,Official figure,
QCL,Crops and livestock products,100,India,5412,Yield,1620,Tea leaves,2010,2010,kg/ha,7442.1,E,Estimated value,
QCL,Crops and livestock products,100,India,5412,Yield,1620,Tea leaves,2011,2011,kg/ha,7938.3,E,Estimated value,
QCL,Crops and livestock products,100,India,5412,Yield,1620,Tea leaves,2012,2012,kg/ha,8157,E,Estimated value,
QCL,Crops and livestock products,100,India,5412,Yield,1620,Tea leaves,2013,2013,kg/ha,9319.5,E,Estimated value,
QCL,Crops and livestock products,100,India,5412,Yield,1620,Tea leaves,2014,2014,kg/ha,8690.4,E,Estimated value,
QCL,Crops and livestock products,100,India,5412,Yield,1620,Tea leaves,2015,2015,kg/ha,9460.7,E,Estimated value,
QCL,Crops and livestock products,100,India,5412,Yield,1620,Tea leaves,2016,2016,kg/ha,9415,E,Estimated value,
QCL,Crops and livestock products,100,India,5412,Yield,1620,Tea leaves,2017,2017,kg/ha,9267.9,E,Estimated value,
QCL,Crops and livestock products,100,India,5412,Yield,1620,Tea leaves,2018,2018,kg/ha,9357.1,E,Estimated value,
QCL,Crops and livestock products,100,India,5412,Yield,1620,Tea leaves,2019,2019,kg/ha,9484.9,E,Estimated value,
QCL,Crops and livestock products,100,India,5412,Yield,1620,Tea leaves,2020,2020,kg/ha,9588.8,E,Estimated value,
QCL,Crops and livestock products,100,India,5412,Yield,1620,Tea leaves,2021,2021,kg/ha,9701.9,E,Estimated value,
QCL,Crops and livestock products,100,India,5412,Yield,1620,Tea leaves,2022,2022,kg/ha,9832,E,Estimated value,
QCL,Crops and livestock products,100,India,5412,Yield,1620,Tea leaves,2023,2023,kg/ha,9933.8,E,Estimated value,
QCL,Crops and livestock products,100,India,5412,Yield,1620,Tea leaves,2024,2024,kg/ha,10035.7,E,Estimated value,
QCL,Crops and livestock products,100,India,5412,Yield,1234,Tomatoes,2010,2010,kg/ha,19598.4,A,Official figure,
QCL,Crops and livestock products,100,India,5412,Yield,1234,Tomatoes,2011,2011,kg/ha,19105.2,A,Official figure,
QCL,Crops and livestock products,100,India,5412,Yield,1234,Tomatoes,2012,2012,kg/ha,20565.6,A,Official figure,
QCL,Crops and livestock products,100,India,5412,Yield,1234,Tomatoes,2013,2013,kg/ha,20712.5,A,Official figure,
QCL,Crops and livestock products,100,India,5412,Yield,1234,Tomatoes,2014,2014,kg/ha,21241.8,A,Official figure,
QCL,Crops and livestock products,100,India,5412,Yield,1234,Tomatoes,2015,2015,kg/ha,21362.5,A,Official figure,
QCL,Crops and livestock products,100,India,5412,Yield,1234,Tomatoes,2016,2016,kg/ha,24201.6,A,Official figure,
QCL,Crops and livestock products,100,India,5412,Yield,1234,Tomatoes,2017,2017,kg/ha,25982.4,A,Official figure,
QCL,Crops and livestock products,100,India,5412,Yield,1234,Tomatoes,2018,2018,kg/ha,25043.1,A,Official figure,
QCL,Crops and livestock products,100,India,5412,Yield,1234,Tomatoes,2019,2019,kg/ha,24336.7,A,Official figure,
QCL,Crops and livestock products,100,India,5412,Yield,1234,Tomatoes,2020,2020,kg/ha,25122.2,A,Official figure,
QCL,Crops and livestock products,100,India,5412,Yield,1234,Tomatoes,2021,2021,kg/ha,25066.3,A,Official figure,
QCL,Crops and livestock products,100,India,5412,Yield,1234,Tomatoes,2022,2022,kg/ha,24548,A,Official figure,
QCL,Crops and livestock products,100,India,5412,Yield,1234,Tomatoes,2023,2023,kg/ha,24057.7,A,Official figure,
QCL,Crops and livestock products,100,India,5412,Yield,1234,Tomatoes,2024,2024,kg/ha,24968.8,A,Official figure,
QCL,Crops and livestock products,100,India,5412,Yield,1970,Unmanufactured tobacco,2010,2010,kg/ha,1553.1,A,Official figure,
QCL,Crops and livestock products,100,India,5412,Yield,1970,Unmanufactured tobacco,2011,2011,kg/ha,1693.9,A,Official figure,
QCL,Crops and livestock products,100,India,5412,Yield,1970,Unmanufactured tobacco,2012,2012,kg/ha,1782.6,A,Official figure,
QCL,Crops and livestock products,100,India,5412,Yield,1970,Unmanufactured tobacco,2013,2013,kg/ha,1716.1,E,Estimated value,
QCL,Crops and livestock products,100,India,5412,Yield,1970,Unmanufactured tobacco,2014,2014,kg/ha,1694.7,E,Estimated value,
QCL,Crops and livestock products,100,India,5412,Yield,1970,Unmanufactured tobacco,2015,2015,kg/ha,1712.5,E,Estimated value,
QCL,Crops and livestock products,100,India,5412,Yield,1970,Unmanufactured tobacco,2016,2016,kg/ha,1717.4,E,Estimated value,
QCL,Crops and livestock products,100,India,5412,Yield,1970,Unmanufactured tobacco,2017,2017,kg/ha,1724,E,Estimated value,
QCL,Crops and livestock products,100,India,5412,Yield,1970,Unmanufactured tobacco,2018,2018,kg/ha,1738.5,E,Estimated value,
QCL,Crops and livestock products,100,India,5412,Yield,1970,Unmanufactured tobacco,2019,2019,kg/ha,1754.3,E,Estimated value,
QCL,Crops and livestock products,100,India,5412,Yield,1970,Unmanufactured tobacco,2020,2020,kg/ha,1764.9,E,Estimated value,
QCL,Crops and livestock products,100,India,5412,Yield,1970,Unmanufactured tobacco,2021,2021,kg/ha,1786.4,E,Estimated value,
QCL,Crops and livestock products,100,India,5412,Yield,1970,Unmanufactured tobacco,2022,2022,kg/ha,1740,E,Estimated value,
QCL,Crops and livestock products,100,India,5412,Yield,1970,Unmanufactured tobacco,2023,2023,kg/ha,1750.2,E,Estimated value,
QCL,Crops and livestock products,100,India,5412,Yield,1970,Unmanufactured tobacco,2024,2024,kg/ha,1755.1,E,Estimated value,
QCL,Crops and livestock products,100,India,5412,Yield,1221,Watermelons,2010,2010,kg/ha,20540.7,E,Estimated value,
QCL,Crops and livestock products,100,India,5412,Yield,1221,Watermelons,2011,2011,kg/ha,21313.1,A,Official figure,
QCL,Crops and livestock products,100,India,5412,Yield,1221,Watermelons,2012,2012,kg/ha,24323.9,A,Official figure,
QCL,Crops and livestock products,100,India,5412,Yield,1221,Watermelons,2013,2013,kg/ha,22086.4,A,Official figure,
QCL,Crops and livestock products,100,India,5412,Yield,1221,Watermelons,2014,2014,kg/ha,24133.3,A,Official figure,
QCL,Crops and livestock products,100,India,5412,Yield,1221,Watermelons,2015,2015,kg/ha,24101.1,A,Official figure,
QCL,Crops and livestock products,100,India,5412,Yield,1221,Watermelons,2016,2016,kg/ha,24473.7,A,Official figure,
QCL,Crops and livestock products,100,India,5412,Yield,1221,Watermelons,2017,2017,kg/ha,23978,A,Official figure,
QCL,Crops and livestock products,100,India,5412,Yield,1221,Watermelons,2018,2018,kg/ha,24950.5,A,Official figure,
QCL,Crops and livestock products,100,India,5412,Yield,1221,Watermelons,2019,2019,kg/ha,24950,A,Official figure,
QCL,Crops and livestock products,100,India,5412,Yield,1221,Watermelons,2020,2020,kg/ha,27215.5,A,Official figure,
QCL,Crops and livestock products,100,India,5412,Yield,1221,Watermelons,2021,2021,kg/ha,27344.5,A,Official figure,
QCL,Crops and livestock products,100,India,5412,Yield,1221,Watermelons,2022,2022,kg/ha,27566.7,A,Official figure,
QCL,Crops and livestock products,100,India,5412,Yield,1221,Watermelons,2023,2023,kg/ha,28777.8,A,Official figure,
QCL,Crops and livestock products,100,India,5412,Yield,1221,Watermelons,2024,2024,kg/ha,29115.3,A,Official figure,
QCL,Crops and livestock products,100,India,5412,Yield,111,Wheat,2010,2010,kg/ha,2839.5,A,Official figure,
QCL,Crops and livestock products,100,India,5412,Yield,111,Wheat,2011,2011,kg/ha,2988.6,A,Official figure,
QCL,Crops and livestock products,100,India,5412,Yield,111,Wheat,2012,2012,kg/ha,3177.5,A,Official figure,
QCL,Crops and livestock products,100,India,5412,Yield,111,Wheat,2013,2013,kg/ha,3153.8,A,Official figure,
QCL,Crops and livestock products,100,India,5412,Yield,111,Wheat,2014,2014,kg/ha,3145.7,A,Official figure,
QCL,Crops and livestock products,100,India,5412,Yield,111,Wheat,2015,2015,kg/ha,2749.6,A,Official figure,
QCL,Crops and livestock products,100,India,5412,Yield,111,Wheat,2016,2016,kg/ha,3033.9,A,Official figure,
QCL,Crops and livestock products,100,India,5412,Yield,111,Wheat,2017,2017,kg/ha,3199.9,A,Official figure,
QCL,Crops and livestock products,100,India,5412,Yield,111,Wheat,2018,2018,kg/ha,3368.2,A,Official figure,
QCL,Crops and livestock products,100,India,5412,Yield,111,Wheat,2019,2019,kg/ha,3533.4,A,Official figure,
QCL,Crops and livestock products,100,India,5412,Yield,111,Wheat,2020,2020,kg/ha,3439.8,A,Official figure,
QCL,Crops and livestock products,100,India,5412,Yield,111,Wheat,2021,2021,kg/ha,3520.8,A,Official figure,
QCL,Crops and livestock products,100,India,5412,Yield,111,Wheat,2022,2022,kg/ha,3537.3,A,Official figure,
QCL,Crops and livestock products,100,India,5412,Yield,111,Wheat,2023,2023,kg/ha,3520.7,A,Official figure,
QCL,Crops and livestock products,100,India,5412,Yield,111,Wheat,2024,2024,kg/ha,3559,A,Official figure,
